page,file,file_px,layer_px_in_design,figma_layer_path,hash
home,01_work__vector.png,1200x673,302x302,work / Frame 1853320971 / Frame 1707479260 / sampath card / sampath template / Vector / Vector,6aea141ed825ff55c8c48d94931509de03693ccf
home,02_work__rectangle-18093.png,992x1200,576x537,work / Frame 1853320971 / Frame 1707479260 / batelco card / batelco template / Rectangle 18093 / Rectangle 18093,072bf05aa4cad2f278c9882292f8dcc0c4bfd74b
home,03_work__batelco-image.png,906x740,549x448,work / Frame 1853320971 / Frame 1707479260 / batelco card / batelco template / batelco image / batelco image,777f7ee640a0d2f36330602bbde314280428113f
home,04_work__sky.png,902x1200,1200x697,work / Frame 1853320971 / megt card / megt template / sky / sky,fef2080d3b00caf4a52fdc78177f5513a15f9a1f
home,05_work__forms-1.png,4096x2304,981x552,work / Frame 1853320971 / megt card / megt template / frame / Forms 1 / Forms 1,eb6e0db95ac35d19d990a8ae38fd6e36f4f4c4c3
home,09_hero-section__avatar.jpg,749x987,116x63,Hero section / content / avatar / avatar,67e42d7b4534be6372adee89ed20e065ac6e2720
megt,01_hero-form-builder-preview__image-sky-background.png,902x1200,1200x697,Hero / Form builder preview / Image / Sky background / Image / Sky background,fef2080d3b00caf4a52fdc78177f5513a15f9a1f
megt,02_hero-form-builder-preview__image-form-builder.png,4096x2304,1129x635,Hero / Form builder preview / Image / Form builder / Image / Form builder,eb6e0db95ac35d19d990a8ae38fd6e36f4f4c4c3
megt,03_section-group-context-and-challenge__image-legacy-tool-detail.png,225x225,92x90,Content / Case study sections / Section group / Context and challenge / Section / Context / Content / Context stories / Story / Legacy assessment tools / Illustration / Fragmented assessment workflow / Image / Legacy tool detail / Image / Legacy tool detail,e99e0bb3d570612e036c68161256748cf9b9be3e
megt,04_section-group-context-and-challenge__image-legacy-documents.jpg,1200x1200,92x90,Content / Case study sections / Section group / Context and challenge / Section / Context / Content / Context stories / Story / Legacy assessment tools / Illustration / Fragmented assessment workflow / Image / Legacy documents / Image / Legacy documents,6dd39986ff5cb38b87d1af224370aa1ad6aefae6
megt,04_section-group-context-and-challenge__image-legacy-documents.jpg,1200x1200,111x110,Content / Case study sections / Section group / Context and challenge / Section / Context / Content / Context stories / Story / Legacy assessment tools / Illustration / Fragmented assessment workflow / Image / Legacy Excel / Image / Legacy Excel,6dd39986ff5cb38b87d1af224370aa1ad6aefae6
megt,05_section-group-context-and-challenge__image-legacy-excel.png,256x256,111x110,Content / Case study sections / Section group / Context and challenge / Section / Context / Content / Context stories / Story / Legacy assessment tools / Illustration / Fragmented assessment workflow / Image / Legacy Excel / Image / Legacy Excel,0033cee3744bbd2c8e0cb790b024c49949c5e0bc
megt,04_section-group-context-and-challenge__image-legacy-documents.jpg,1200x1200,92x90,Content / Case study sections / Section group / Context and challenge / Section / Context / Content / Context stories / Story / Legacy assessment tools / Illustration / Fragmented assessment workflow / Image / Legacy Excel detail / Image / Legacy Excel detail,6dd39986ff5cb38b87d1af224370aa1ad6aefae6
megt,05_section-group-context-and-challenge__image-legacy-excel.png,256x256,92x90,Content / Case study sections / Section group / Context and challenge / Section / Context / Content / Context stories / Story / Legacy assessment tools / Illustration / Fragmented assessment workflow / Image / Legacy Excel detail / Image / Legacy Excel detail,0033cee3744bbd2c8e0cb790b024c49949c5e0bc
megt,06_section-group-context-and-challenge__image-legacy-excel-detail.png,2400x1260,92x90,Content / Case study sections / Section group / Context and challenge / Section / Context / Content / Context stories / Story / Legacy assessment tools / Illustration / Fragmented assessment workflow / Image / Legacy Excel detail / Image / Legacy Excel detail,54b7944cbdf7f30d563fa2b54e39a020354fcfd4
megt,07_section-group-context-and-challenge__image-creator-tool-benchmark-01.png,2852x1354,247x191,Content / Case study sections / Section group / Context and challenge / Section / Context / Content / Context stories / Story / Two-hour benchmark / Collage / Creator-tool benchmarks / Image / Creator-tool benchmark 01 / Image / Creator-tool benchmark 01,94d81bb2bdda4fe4ecb15a0e1ed66c42b77b9053
megt,08_section-group-context-and-challenge__image-creator-tool-benchmark-02.png,2847x1378,389x190,Content / Case study sections / Section group / Context and challenge / Section / Context / Content / Context stories / Story / Two-hour benchmark / Collage / Creator-tool benchmarks / Image / Creator-tool benchmark 02 / Image / Creator-tool benchmark 02,a9001ef26bbc21a45a6227d3904dec33e5633e3f
megt,09_section-group-context-and-challenge__image-creator-tool-benchmark-03.png,2874x1367,414x183,Content / Case study sections / Section group / Context and challenge / Section / Context / Content / Context stories / Story / Two-hour benchmark / Collage / Creator-tool benchmarks / Image / Creator-tool benchmark 03 / Image / Creator-tool benchmark 03,c8d75885232854f4afb56ae2dbdb1fb6ae080a1a
megt,10_section-group-context-and-challenge__image-creator-tool-benchmark-04.png,2048x1536,288x225,Content / Case study sections / Section group / Context and challenge / Section / Context / Content / Context stories / Story / Two-hour benchmark / Collage / Creator-tool benchmarks / Image / Creator-tool benchmark 04 / Image / Creator-tool benchmark 04,ef7e58e9c73184fafdcc175405d68c9f52bd3760
megt,11_section-group-context-and-challenge__image-three-panel-concept.png,2880x1804,620x388,Content / Case study sections / Section group / Context and challenge / Section / Context / Content / Context stories / Story / Familiar mental models / Preview / Three-panel layout / Image / Three-panel concept / Image / Three-panel concept,30e40a641224fd286f8a0915fc17737eca2d5f73
megt,12_section-how-it-was-built__image-form-builder-benchmark-01.png,2880x1800,212x132,Content / Case study sections / Section / How it was built / Timeline stage / 48-hour pitch / Row / Pitch brief and design / Card / The brief / Collage / Form-builder benchmarks / Image / Form-builder benchmark 01 / Image / Form-builder benchmark 01,52338ffb2caa9cd7906608c226a999969baaf0cc
megt,13_section-how-it-was-built__image-form-builder-benchmark-02.png,2880x1800,272x170,Content / Case study sections / Section / How it was built / Timeline stage / 48-hour pitch / Row / Pitch brief and design / Card / The brief / Collage / Form-builder benchmarks / Image / Form-builder benchmark 02 / Image / Form-builder benchmark 02,bb002a3f59d23fa06ba9d7eb854f4c64db519321
megt,14_section-how-it-was-built__image-jotform-builder.png,1440x912,342x215,Content / Case study sections / Section / How it was built / Timeline stage / 48-hour pitch / Row / Pitch brief and design / Card / The brief / Collage / Form-builder benchmarks / Image / Jotform builder / Image / Jotform builder,c2cb0587c6e3aa9c8916088e3bd4aa0ba6903899
megt,15_section-how-it-was-built__image-pitch-ui-detail-01.png,1776x1092,283x252,Content / Case study sections / Section / How it was built / Timeline stage / 48-hour pitch / Row / Pitch brief and design / Card / Pitch design / Collage / Provisional pitch UI / Image / Pitch UI detail 01 / Image / Pitch UI detail 01,67da3d82fa79034cd89313c67a5fa2992610b726
megt,16_section-how-it-was-built__image-pitch-ui-detail-02.png,1496x598,246x43,Content / Case study sections / Section / How it was built / Timeline stage / 48-hour pitch / Row / Pitch brief and design / Card / Pitch design / Collage / Provisional pitch UI / Image / Pitch UI detail 02 / Image / Pitch UI detail 02,8024dc1536addebfdbb99fd48cbf616f1e473bbd
megt,16_section-how-it-was-built__image-pitch-ui-detail-02.png,1496x598,244x67,Content / Case study sections / Section / How it was built / Timeline stage / 48-hour pitch / Row / Pitch brief and design / Card / Pitch design / Collage / Provisional pitch UI / Image / Pitch UI detail 03 / Image / Pitch UI detail 03,8024dc1536addebfdbb99fd48cbf616f1e473bbd
megt,17_section-how-it-was-built__image-workshop-findings-01.png,586x2064,175x615,Content / Case study sections / Section / How it was built / Timeline stage / Discovery and direction shift / Row / Workshop findings and direction shift / Card / Workshop findings / Collage / Workshop findings / Image / Workshop findings 01 / Image / Workshop findings 01,93216004e62210e970cda90674c4d8c22b9b9bf2
megt,18_section-how-it-was-built__image-workshop-findings-02.png,586x2064,170x597,Content / Case study sections / Section / How it was built / Timeline stage / Discovery and direction shift / Row / Workshop findings and direction shift / Card / Workshop findings / Collage / Workshop findings / Image / Workshop findings 02 / Image / Workshop findings 02,aa66a217fd00ba0266a77e5a14debc456b7a4e96
megt,19_section-how-it-was-built__image-enterprise-direction-shift.png,3840x2160,557x313,Content / Case study sections / Section / How it was built / Timeline stage / Discovery and direction shift / Row / Workshop findings and direction shift / Card / Enterprise direction shift / Preview / Enterprise direction shift / Image / Enterprise direction shift / Image / Enterprise direction shift,604042c501c9f2baa4831d3f7df030581eaedb33
megt,20_section-how-it-was-built__image-brand-headline-typography.png,3162x1335,116x103,Content / Case study sections / Section / How it was built / Timeline stage / Pre-sprint design system / Row / Brand foundations and components / Card / Brand foundations / Illustration / Brand typography and palette / Image / Brand headline typography / Image / Brand headline typography,37425d24f3d362268c5cc8db024ba0460d9c6fde
megt,21_section-how-it-was-built__image-core-component-avatar.png,195x192,69x68,Content / Case study sections / Section / How it was built / Timeline stage / Pre-sprint design system / Row / Brand foundations and components / Card / Design system iteration benefits / Collage / Core atomic components / Image / Core component Avatar / Image / Core component Avatar,9aea68cd4d3e1389b4a0e1af64722f164ca49995
megt,22_section-how-it-was-built__image-core-component-desktop-search.png,1152x144,224x28,Content / Case study sections / Section / How it was built / Timeline stage / Pre-sprint design system / Row / Brand foundations and components / Card / Design system iteration benefits / Collage / Core atomic components / Image / Core component Desktop search / Image / Core component Desktop search,e42ad2125fe392fb9e674b351e62873cd96ca2e0
megt,23_section-how-it-was-built__image-core-component-button-tabs.png,951x192,198x40,Content / Case study sections / Section / How it was built / Timeline stage / Pre-sprint design system / Row / Brand foundations and components / Card / Design system iteration benefits / Collage / Core atomic components / Image / Core component Button tabs / Image / Core component Button tabs,a32ec4271aaa071962a4e31d7fd67b3f00d0b498
megt,24_section-how-it-was-built__image-core-component-checkbox.png,72x72,36x36,Content / Case study sections / Section / How it was built / Timeline stage / Pre-sprint design system / Row / Brand foundations and components / Card / Design system iteration benefits / Collage / Core atomic components / Image / Core component Checkbox / Image / Core component Checkbox,1f2d73a37cafb5bbcae8b091760041d681416849
megt,25_section-how-it-was-built__image-core-component-toggle.png,180x144,73x58,Content / Case study sections / Section / How it was built / Timeline stage / Pre-sprint design system / Row / Brand foundations and components / Card / Design system iteration benefits / Collage / Core atomic components / Image / Core component Toggle / Image / Core component Toggle,d4f4f18cabeb961b01fd5330cb066ae0ff2f9397
megt,26_section-how-it-was-built__image-core-component-button-01.png,363x144,96x38,Content / Case study sections / Section / How it was built / Timeline stage / Pre-sprint design system / Row / Brand foundations and components / Card / Design system iteration benefits / Collage / Core atomic components / Image / Core component Button 01 / Image / Core component Button 01,fbc05d289388205c480768c094cf4e49288d08a3
megt,27_section-how-it-was-built__image-core-component-button-02.png,363x144,96x38,Content / Case study sections / Section / How it was built / Timeline stage / Pre-sprint design system / Row / Brand foundations and components / Card / Design system iteration benefits / Collage / Core atomic components / Image / Core component Button 02 / Image / Core component Button 02,da88bd9c7f9402e9e804b978a4823985e9e5888f
megt,28_section-how-it-was-built__image-core-component-button-03.png,273x75,50x14,Content / Case study sections / Section / How it was built / Timeline stage / Pre-sprint design system / Row / Brand foundations and components / Card / Design system iteration benefits / Collage / Core atomic components / Image / Core component Button 03 / Image / Core component Button 03,003b51cdfe6ec50351f169fbc60192a264e8ab51
megt,29_section-how-it-was-built__image-core-component-primary-badge.png,225x84,78x29,Content / Case study sections / Section / How it was built / Timeline stage / Pre-sprint design system / Row / Brand foundations and components / Card / Design system iteration benefits / Collage / Core atomic components / Image / Core component Primary badge / Image / Core component Primary badge,9b05866112629d26f625ec930ba4f7e0c5322d69
megt,30_section-how-it-was-built__image-core-component-standard-input.png,1029x240,239x56,Content / Case study sections / Section / How it was built / Timeline stage / Pre-sprint design system / Row / Brand foundations and components / Card / Design system iteration benefits / Collage / Core atomic components / Image / Core component Standard input / Image / Core component Standard input,c87938315b2b359e1878bc6b0026a857f1eb4f6a
megt,31_section-how-it-was-built__image-sprint-collaboration-01.png,2118x1610,604x453,Content / Case study sections / Section / How it was built / Timeline stage / Six-sprint build / Row / Sprint collaboration and client feedback / Card / How we worked / Collage / Sprint collaboration / Image / Sprint collaboration 01 / Image / Sprint collaboration 01,f9e2b124feecd0d07828c52a82cbfa8920d1fd41
megt,32_section-how-it-was-built__image-sprint-collaboration-02.png,348x264,32x24,Content / Case study sections / Section / How it was built / Timeline stage / Six-sprint build / Row / Sprint collaboration and client feedback / Card / How we worked / Collage / Sprint collaboration / Image / Sprint collaboration 02 / Image / Sprint collaboration 02,f28ebdc19158fefb47583c703b89ffe03afdf66d
megt,33_section-how-it-was-built__image-sprint-collaboration-03.png,308x248,32x26,Content / Case study sections / Section / How it was built / Timeline stage / Six-sprint build / Row / Sprint collaboration and client feedback / Card / How we worked / Collage / Sprint collaboration / Image / Sprint collaboration 03 / Image / Sprint collaboration 03,58fbbeb1ad7ca13c1c2a27973c74ed7a1ae01846
megt,34_section-how-it-was-built__image-sprint-collaboration-04.png,1090x162,121x18,Content / Case study sections / Section / How it was built / Timeline stage / Six-sprint build / Row / Sprint collaboration and client feedback / Card / How we worked / Collage / Sprint collaboration / Image / Sprint collaboration 04 / Image / Sprint collaboration 04,4b320f4a8a345636d49b0d3c41a954201f60e9e2
megt,35_section-how-it-was-built__image-sprint-collaboration-05.png,260x216,32x27,Content / Case study sections / Section / How it was built / Timeline stage / Six-sprint build / Row / Sprint collaboration and client feedback / Card / How we worked / Collage / Sprint collaboration / Image / Sprint collaboration 05 / Image / Sprint collaboration 05,9955190f52a3f06b4a95bdb981c1ba62947465bb
megt,36_section-how-it-was-built__image-user-list.png,4096x2304,678x381,Content / Case study sections / Section / How it was built / Timeline stage / Six-sprint build / Row / Sprint collaboration and client feedback / Card / Client feedback / Preview / Sprint UI / Image / User list / Image / User list,d4b900a36b32110801b456798e7e85f5fca13b1c
megt,37_section-how-it-was-built__image-responsiveness-pivot.png,750x1624,111x240,Content / Case study sections / Section / How it was built / Timeline stage / Delivery pivots / Row / Responsiveness pivot and engineering / Card / Responsiveness pivot / Preview / Responsiveness pivot / Image / Responsiveness pivot / Image / Responsiveness pivot,2e4bbb8b73f1d35ccf400ac60a6e6b4bf38af29d
megt,36_section-how-it-was-built__image-user-list.png,4096x2304,678x381,Content / Case study sections / Section / How it was built / Timeline stage / Delivery pivots / Row / Responsiveness pivot and engineering / Card / Unblocking engineering / Preview / Engineering unblock / Image / User list example / Image / User list example,d4b900a36b32110801b456798e7e85f5fca13b1c
megt,02_hero-form-builder-preview__image-form-builder.png,4096x2304,934x526,Content / Case study sections / Section wrapper / The product / Section / The product / Showcase / Form builder / Preview wrapper / Form builder / Preview / Form builder / Image / Form builder / Image / Form builder,eb6e0db95ac35d19d990a8ae38fd6e36f4f4c4c3
megt,01_hero-form-builder-preview__image-sky-background.png,902x1200,608x372,"Content / Case study sections / Section group / Before and after, canvas behavior / Section / Before and after / Content / Before-and-after comparisons / Comparison / Assessment creation / Row / Assessment creation before and after / Card / Before — Copied assessment templates / Illustration / Legacy template files / Image / Sky background / Image / Sky background",fef2080d3b00caf4a52fdc78177f5513a15f9a1f
megt,38_section-group-before-and-after-canvas-behavior__rectangle-61.png,500x500,58x53,"Content / Case study sections / Section group / Before and after, canvas behavior / Section / Before and after / Content / Before-and-after comparisons / Comparison / Assessment creation / Row / Assessment creation before and after / Card / Before — Copied assessment templates / Illustration / Legacy template files / Illustration / File browser window / Window / File contents / File / Q&A 2025 / Folder / Group 58 / Rectangle 61 / Rectangle 61",614dc150582d4243ab7bdbe6a103cb48682ad411
megt,38_section-group-before-and-after-canvas-behavior__rectangle-61.png,500x500,58x43,"Content / Case study sections / Section group / Before and after, canvas behavior / Section / Before and after / Content / Before-and-after comparisons / Comparison / Assessment creation / Row / Assessment creation before and after / Card / Before — Copied assessment templates / Illustration / Legacy template files / Illustration / File browser window / Window / File contents / File / Q&A 2025 / Folder / Group 58 / Rectangle 60 / Rectangle 60",614dc150582d4243ab7bdbe6a103cb48682ad411
megt,38_section-group-before-and-after-canvas-behavior__rectangle-61.png,500x500,48x44,"Content / Case study sections / Section group / Before and after, canvas behavior / Section / Before and after / Content / Before-and-after comparisons / Comparison / Assessment creation / Row / Assessment creation before and after / Card / Before — Copied assessment templates / Illustration / Legacy template files / Illustration / File browser window / Window / File contents / File / Assessment template FINAL / Icon / FINAL folder / Artwork / FINAL folder / Image / FINAL folder detail 04 / Image / FINAL folder detail 04",614dc150582d4243ab7bdbe6a103cb48682ad411
megt,38_section-group-before-and-after-canvas-behavior__rectangle-61.png,500x500,48x35,"Content / Case study sections / Section group / Before and after, canvas behavior / Section / Before and after / Content / Before-and-after comparisons / Comparison / Assessment creation / Row / Assessment creation before and after / Card / Before — Copied assessment templates / Illustration / Legacy template files / Illustration / File browser window / Window / File contents / File / Assessment template FINAL / Icon / FINAL folder / Artwork / FINAL folder / Image / FINAL folder detail 06 / Image / FINAL folder detail 06",614dc150582d4243ab7bdbe6a103cb48682ad411
megt,39_section-group-before-and-after-canvas-behavior__image-final-file-icon.png,308x400,44x57,"Content / Case study sections / Section group / Before and after, canvas behavior / Section / Before and after / Content / Before-and-after comparisons / Comparison / Assessment creation / Row / Assessment creation before and after / Card / Before — Copied assessment templates / Illustration / Legacy template files / Illustration / File browser window / Window / File contents / File / Assessment template FINAL / Image / FINAL file icon / Image / FINAL file icon",978dcd27b18ef8209f7432141f4be7fba17877ec
megt,40_section-group-before-and-after-canvas-behavior__image-final-file-icon.png,308x400,44x57,"Content / Case study sections / Section group / Before and after, canvas behavior / Section / Before and after / Content / Before-and-after comparisons / Comparison / Assessment creation / Row / Assessment creation before and after / Card / Before — Copied assessment templates / Illustration / Legacy template files / Illustration / File browser window / Window / File contents / File / Assessment template FINAL / Image / FINAL file icon / Image / FINAL file icon",9b5d00e1b7550e682efdcda7a0f3673e25912ef1
megt,38_section-group-before-and-after-canvas-behavior__rectangle-61.png,500x500,48x44,"Content / Case study sections / Section group / Before and after, canvas behavior / Section / Before and after / Content / Before-and-after comparisons / Comparison / Assessment creation / Row / Assessment creation before and after / Card / Before — Copied assessment templates / Illustration / Legacy template files / Illustration / File browser window / Window / File contents / File / Assessment template V2 / Icon / V2 folder / Artwork / V2 folder / Image / V2 folder detail 04 / Image / V2 folder detail 04",614dc150582d4243ab7bdbe6a103cb48682ad411
megt,38_section-group-before-and-after-canvas-behavior__rectangle-61.png,500x500,48x35,"Content / Case study sections / Section group / Before and after, canvas behavior / Section / Before and after / Content / Before-and-after comparisons / Comparison / Assessment creation / Row / Assessment creation before and after / Card / Before — Copied assessment templates / Illustration / Legacy template files / Illustration / File browser window / Window / File contents / File / Assessment template V2 / Icon / V2 folder / Artwork / V2 folder / Image / V2 folder detail 06 / Image / V2 folder detail 06",614dc150582d4243ab7bdbe6a103cb48682ad411
megt,39_section-group-before-and-after-canvas-behavior__image-final-file-icon.png,308x400,44x57,"Content / Case study sections / Section group / Before and after, canvas behavior / Section / Before and after / Content / Before-and-after comparisons / Comparison / Assessment creation / Row / Assessment creation before and after / Card / Before — Copied assessment templates / Illustration / Legacy template files / Illustration / File browser window / Window / File contents / File / Assessment template V2 / Image / V2 file icon / Image / V2 file icon",978dcd27b18ef8209f7432141f4be7fba17877ec
megt,40_section-group-before-and-after-canvas-behavior__image-final-file-icon.png,308x400,44x57,"Content / Case study sections / Section group / Before and after, canvas behavior / Section / Before and after / Content / Before-and-after comparisons / Comparison / Assessment creation / Row / Assessment creation before and after / Card / Before — Copied assessment templates / Illustration / Legacy template files / Illustration / File browser window / Window / File contents / File / Assessment template V2 / Image / V2 file icon / Image / V2 file icon",9b5d00e1b7550e682efdcda7a0f3673e25912ef1
megt,38_section-group-before-and-after-canvas-behavior__rectangle-61.png,500x500,58x53,"Content / Case study sections / Section group / Before and after, canvas behavior / Section / Before and after / Content / Before-and-after comparisons / Comparison / Assessment creation / Row / Assessment creation before and after / Card / Before — Copied assessment templates / Illustration / Legacy template files / Illustration / File browser window / Window / File contents / File / Assessments 2025 / Folder / Group 58 / Rectangle 61 / Rectangle 61",614dc150582d4243ab7bdbe6a103cb48682ad411
megt,38_section-group-before-and-after-canvas-behavior__rectangle-61.png,500x500,58x43,"Content / Case study sections / Section group / Before and after, canvas behavior / Section / Before and after / Content / Before-and-after comparisons / Comparison / Assessment creation / Row / Assessment creation before and after / Card / Before — Copied assessment templates / Illustration / Legacy template files / Illustration / File browser window / Window / File contents / File / Assessments 2025 / Folder / Group 58 / Rectangle 60 / Rectangle 60",614dc150582d4243ab7bdbe6a103cb48682ad411
megt,38_section-group-before-and-after-canvas-behavior__rectangle-61.png,500x500,58x53,"Content / Case study sections / Section group / Before and after, canvas behavior / Section / Before and after / Content / Before-and-after comparisons / Comparison / Assessment creation / Row / Assessment creation before and after / Card / Before — Copied assessment templates / Illustration / Legacy template files / Illustration / File browser window / Window / File contents / File / Assessments / Folder / Group 58 / Rectangle 61 / Rectangle 61",614dc150582d4243ab7bdbe6a103cb48682ad411
megt,38_section-group-before-and-after-canvas-behavior__rectangle-61.png,500x500,58x43,"Content / Case study sections / Section group / Before and after, canvas behavior / Section / Before and after / Content / Before-and-after comparisons / Comparison / Assessment creation / Row / Assessment creation before and after / Card / Before — Copied assessment templates / Illustration / Legacy template files / Illustration / File browser window / Window / File contents / File / Assessments / Folder / Group 58 / Rectangle 60 / Rectangle 60",614dc150582d4243ab7bdbe6a103cb48682ad411
megt,41_section-group-before-and-after-canvas-behavior__image-form-builder-intervention-rule.png,4096x2404,528x297,"Content / Case study sections / Section group / Before and after, canvas behavior / Section / Before and after / Content / Before-and-after comparisons / Comparison / Assessment creation / Row / Assessment creation before and after / Card / After — Centralized assessment creation / Preview / Centralized assessment creation / Image / Form builder intervention rule / Image / Form builder intervention rule",9b99119b416207a78cadb60fa2269ee4b9b64118
megt,42_section-group-before-and-after-canvas-behavior__image-legacy-spreadsheet-logic.png,1120x720,558x359,"Content / Case study sections / Section group / Before and after, canvas behavior / Section / Before and after / Content / Before-and-after comparisons / Comparison / Conditional logic / Row / Conditional logic before and after / Card / Before — Spreadsheet logic / Preview / Spreadsheet logic / Image / Legacy spreadsheet logic / Image / Legacy spreadsheet logic",8c1b9884216ac924c6b4bd2686797a38faebd9df
megt,43_section-group-before-and-after-canvas-behavior__image-visual-workflow-builder.png,4096x2306,528x297,"Content / Case study sections / Section group / Before and after, canvas behavior / Section / Before and after / Content / Before-and-after comparisons / Comparison / Conditional logic / Row / Conditional logic before and after / Card / After — Visual workflow builder / Preview / Visual workflow builder / Image / Visual workflow builder / Image / Visual workflow builder",42e6bd8d17e4ef0f13771ce852c53cafadb6aacd
megt,44_section-group-before-and-after-canvas-behavior__image-add-new-role.png,4096x2304,528x297,"Content / Case study sections / Section group / Before and after, canvas behavior / Section / Before and after / Content / Before-and-after comparisons / Comparison / Access control / Row / Access control before and after / Card / After — Role-based permissions / Preview / Role-based permissions / Image / Add new role / Image / Add new role",81ac814cb326afe6bb1d40c0629fdbce5386c1d6
megt,01_hero-form-builder-preview__image-sky-background.png,902x1200,1200x645,"Content / Case study sections / Section group / Before and after, canvas behavior / Section / Canvas behavior / Showcase / Inline editing / Preview / Inline editing canvas / Image / Sky background / Image / Sky background",fef2080d3b00caf4a52fdc78177f5513a15f9a1f
megt,45_section-group-before-and-after-canvas-behavior__image-inline-editing-canvas.png,2746x1498,821x409,"Content / Case study sections / Section group / Before and after, canvas behavior / Section / Canvas behavior / Showcase / Inline editing / Preview / Inline editing canvas / Image / Inline editing canvas / Image / Inline editing canvas",84e1e75cf08e83e9cb01c9776249ac1714150691
megt,21_section-how-it-was-built__image-core-component-avatar.png,195x192,69x68,Content / Case study sections / Section / Design system / Row / Design system illustrations / Collage / Design system components / Image / Design system Avatar / Image / Design system Avatar,9aea68cd4d3e1389b4a0e1af64722f164ca49995
megt,22_section-how-it-was-built__image-core-component-desktop-search.png,1152x144,224x28,Content / Case study sections / Section / Design system / Row / Design system illustrations / Collage / Design system components / Image / Design system Desktop search / Image / Design system Desktop search,e42ad2125fe392fb9e674b351e62873cd96ca2e0
megt,23_section-how-it-was-built__image-core-component-button-tabs.png,951x192,198x40,Content / Case study sections / Section / Design system / Row / Design system illustrations / Collage / Design system components / Image / Design system Button tabs / Image / Design system Button tabs,a32ec4271aaa071962a4e31d7fd67b3f00d0b498
megt,24_section-how-it-was-built__image-core-component-checkbox.png,72x72,30x30,Content / Case study sections / Section / Design system / Row / Design system illustrations / Collage / Design system components / Image / Design system Checkbox / Image / Design system Checkbox,1f2d73a37cafb5bbcae8b091760041d681416849
megt,25_section-how-it-was-built__image-core-component-toggle.png,180x144,73x58,Content / Case study sections / Section / Design system / Row / Design system illustrations / Collage / Design system components / Image / Design system Toggle / Image / Design system Toggle,d4f4f18cabeb961b01fd5330cb066ae0ff2f9397
megt,26_section-how-it-was-built__image-core-component-button-01.png,363x144,96x38,Content / Case study sections / Section / Design system / Row / Design system illustrations / Collage / Design system components / Image / Design system Button 01 / Image / Design system Button 01,fbc05d289388205c480768c094cf4e49288d08a3
megt,27_section-how-it-was-built__image-core-component-button-02.png,363x144,96x38,Content / Case study sections / Section / Design system / Row / Design system illustrations / Collage / Design system components / Image / Design system Button 02 / Image / Design system Button 02,da88bd9c7f9402e9e804b978a4823985e9e5888f
megt,28_section-how-it-was-built__image-core-component-button-03.png,273x75,50x14,Content / Case study sections / Section / Design system / Row / Design system illustrations / Collage / Design system components / Image / Design system Button 03 / Image / Design system Button 03,003b51cdfe6ec50351f169fbc60192a264e8ab51
megt,29_section-how-it-was-built__image-core-component-primary-badge.png,225x84,78x29,Content / Case study sections / Section / Design system / Row / Design system illustrations / Collage / Design system components / Image / Design system Primary badge / Image / Design system Primary badge,9b05866112629d26f625ec930ba4f7e0c5322d69
megt,30_section-how-it-was-built__image-core-component-standard-input.png,1029x240,241x56,Content / Case study sections / Section / Design system / Row / Design system illustrations / Collage / Design system components / Image / Design system Standard input / Image / Design system Standard input,c87938315b2b359e1878bc6b0026a857f1eb4f6a
megt,46_section-design-system__image-component-detail.png,48x48,24x24,Content / Case study sections / Section / Design system / Row / Design system illustrations / Collage / Design system components / Image / Component detail / Image / Component detail,e225d489ee7c9beda04850fe46e87921cb622256
megt,47_section-design-system__image-design-system-example-01.png,2184x1052,260x125,Content / Case study sections / Section / Design system / Row / Design system illustrations / Collage / Design system examples / Image / Design system example 01 / Image / Design system example 01,f3ddf34d35e8e2dd6f279c54269dd13861b07ecc
megt,48_section-design-system__image-design-system-example-02.png,3840x2160,353x198,Content / Case study sections / Section / Design system / Row / Design system illustrations / Collage / Design system examples / Image / Design system example 02 / Image / Design system example 02,cc5995a3a7360c9fa9cc132d3b546c1dc44fb9f1
megt,49_section-design-system__image-design-system-example-03.png,3840x2160,140x97,Content / Case study sections / Section / Design system / Row / Design system illustrations / Collage / Design system examples / Image / Design system example 03 / Image / Design system example 03,b30d408065f2db18c0b98c2aee09c0d5e513637e
sampath,01_hero__hero.png,1200x679,1920x887,Hero / Hero,491fde95453bc9b9229613ab023ff68a298fd6be
sampath,02_transition-image-replace-with-figma-foundations-__screenshot-2026-09-09-at-22-28-24-1.png,2222x1600,749x565,Frame 1853320920 / transition-image [replace with Figma foundations overview] / Screenshot 2026-09-09 at 22.28.24 1 / Screenshot 2026-09-09 at 22.28.24 1,d16333afd6e2d7c30fba839f3e9473f58c71c909
sampath,03_transition-image-replace-with-figma-foundations-__screenshot-2026-09-09-at-22-31-38-1.png,1620x1546,810x773,Frame 1853320920 / transition-image [replace with Figma foundations overview] / Screenshot 2026-09-09 at 22.31.38 1 / Screenshot 2026-09-09 at 22.31.38 1,af329ae048a51424e4f601c3f2347c5f1aa58a0c
sampath,04_03-building-the-system__image-174.png,750x1624,216x468,03 — Building the System / inner / Frame 1853320931 / Frame 1853320935 / Color system — three layer token architecture / Color system — three layer token architecture / image 174 / image 174,0ae8c828f6895f974d403ed58bf7e37c7ca98ae7
sampath,05_03-building-the-system__image-174.png,750x1624,216x468,03 — Building the System / inner / Frame 1853320931 / Frame 1853320935 / Color system — three layer token architecture / image 174 / image 174,50b933124f328e3b70724c65b5acdd54ede64131
sampath,06_03-building-the-system__image-176.png,1917x4096,633x1354,03 — Building the System / inner / Frame 1853320932 / Frame 1853320936 / Type scale — primitives to alias roles / image 176 / image 176,3dac71bd989badfcc947521dbbca65540c90a6d4
sampath,06_03-building-the-system__image-176.png,1917x4096,357x762,03 — Building the System / inner / Frame 1853320932 / Frame 1853320936 / Type scale — primitives to alias roles / image 177 / image 177,3dac71bd989badfcc947521dbbca65540c90a6d4
sampath,07_03-building-the-system__screenshot-2026-09-09-at-23-29-27-1.png,1236x1452,979x581,03 — Building the System / inner / Frame 1853320933 / Frame 1853320937 / Icon library — utility and brand icons / Screenshot 2026-09-09 at 23.29.27 1 / Screenshot 2026-09-09 at 23.29.27 1,cd4781a9a9c2376de8672edc4c46fe586c0d893f
sampath,08_04-components__image-178.png,3487x4096,637x312,04 — Components / inner / row-Component / rr-Component / Component anatomy — Figma screenshot / image 178 / image 178,f6677111e7ba333aa8f17b33b642935a0e0572c7
sampath,09_04-components__screenshot-2026-09-09-at-23-54-36-1.png,1912x1110,230x422,04 — Components / inner / row-Component / rr-Component / Component anatomy — Figma screenshot / Screenshot 2026-09-09 at 23.54.36 1 / Screenshot 2026-09-09 at 23.54.36 1,17656cb258c85c88a57d8dddd903d6dc220899d9
sampath,10_transition-image-replace-with-figma-foundations-__image-163.png,640x112,320x56,transition-image [replace with Figma foundations overview] / image 163 / image 163,b9c128042961f87d83a569d9d73826ef41471caa
sampath,11_transition-image-replace-with-figma-foundations-__image-170.png,766x1840,260x111,transition-image [replace with Figma foundations overview] / image 170 / image 170,e6a1f8a07841c8f061160b721cccf56f5568b271
sampath,12_transition-image-replace-with-figma-foundations-__image-169.png,2352x392,446x114,transition-image [replace with Figma foundations overview] / image 169 / image 169,59953f0f29d86a6bc7fb9f4130f31592aa88a4c9
sampath,13_transition-image-replace-with-figma-foundations-__image-165.png,1942x124,346x54,transition-image [replace with Figma foundations overview] / image 165 / image 165,8e060484030f1f385e49c367032cc517b8f0062c
sampath,14_transition-image-replace-with-figma-foundations-__image-167.png,798x1102,245x350,transition-image [replace with Figma foundations overview] / image 167 / image 167,143629c86556d7f0cfcd891a07cd2bba4fe440bb
sampath,11_transition-image-replace-with-figma-foundations-__image-170.png,766x1840,280x125,transition-image [replace with Figma foundations overview] / image 171 / image 171,e6a1f8a07841c8f061160b721cccf56f5568b271
sampath,15_transition-image-replace-with-figma-foundations-__image-168.png,766x920,243x151,transition-image [replace with Figma foundations overview] / image 168 / image 168,ab9f99abeb3fb1ad43d0476c7b519fd62212087b
sampath,16_transition-image-replace-with-figma-foundations-__image-180.png,750x364,241x117,transition-image [replace with Figma foundations overview] / image 180 / image 180,e5687ddf70578b9f99a562591f44e326b0663dc8
sampath,17_transition-image-replace-with-figma-foundations-__image-181.png,204x68,102x34,transition-image [replace with Figma foundations overview] / image 181 / image 181,c49ce801c358a7743db8c62e80930f505918571d
sampath,18_transition-image-replace-with-figma-foundations-__image-182.png,216x146,155x129,transition-image [replace with Figma foundations overview] / image 182 / image 182,fb2b1f54f861bb48ebafc5459628dda3b87ad176
sampath,19_transition-image-replace-with-figma-foundations-__image-183.png,200x200,100x100,transition-image [replace with Figma foundations overview] / image 183 / image 183,88128ac204e48ab41a8d18efd40450bc722acb92
sampath,20_transition-image-replace-with-figma-foundations-__image-184.png,686x164,213x51,transition-image [replace with Figma foundations overview] / image 184 / image 184,199ac9da2d3c21c110ad57d51a8d1d5cf54b0d6c
sampath,21_06-built-to-last__image-185.png,1920x2362,330x414,06 — Built to Last / inner / row6-0 / rr-0 / Component documentation in Figma / image 185 / image 185,3126a8ddc7a7a69055b320510eb7b223b691e197
sampath,22_06-built-to-last__screenshot-2026-09-12-at-22-07-39-2.png,620x836,232x313,06 — Built to Last / inner / row6-1 / rr-1 / tok-split / tc-Token with usage description / code / Screenshot 2026-09-12 at 22.07.39 2 / Screenshot 2026-09-12 at 22.07.39 2,4acfde235a39538935836bb879d06ffd2d24978e
sampath,23_06-built-to-last__screenshot-2026-09-12-at-22-07-39-2.png,620x836,232x313,06 — Built to Last / inner / row6-1 / rr-1 / tok-split / tc-Token with usage description / code / Screenshot 2026-09-12 at 22.07.39 2 / Screenshot 2026-09-12 at 22.07.39 2,74ea9e31bead6cb7823ba911ab1e5db2c267ccd3
sampath,24_06-built-to-last__screenshot-2026-09-12-at-22-02-57-1.png,1588x1316,377x313,06 — Built to Last / inner / row6-1 / rr-1 / tok-split / tc-Same token in JSON export / code / Screenshot 2026-09-12 at 22.02.57 1 / Screenshot 2026-09-12 at 22.02.57 1,2a69522a52c3ba73212f7ec4855af4fe08a6e4e2
sampath,25_07-delivery__image-186.png,267x266,39x38,07 — Delivery / inner / Frame 1853320956 / Frame 1853320954 / decisions / dec-Spine / logo / image 186 / image 186,262c271bb12376d5690aebdf5179f70a707fc633
sampath,26_07-delivery__image-186.png,400x400,44x44,07 — Delivery / inner / Frame 1853320956 / Frame 1853320954 / decisions / dec-Lottie / Frame 1853320947 / logo / image 186 / image 186,55ac18bb33afc78691204a9c619bbc018e6d5dbe
sampath,27_07-delivery__image-186.png,2000x2000,44x44,07 — Delivery / inner / Frame 1853320956 / Frame 1853320954 / decisions / dec-Rive / logo / image 186 / image 186,89133830845d8b24041cc52d832cda4cc2cbd205
pearl,01_hero__frame-1853320970.png,992x1200,742x742,content / hero / hero artwork / Frame 1853320970 / Frame 1853320970,072bf05aa4cad2f278c9882292f8dcc0c4bfd74b
pearl,02_section-02-first-move__rectangle-18097.png,960x1200,975x608,content / Section 02 — First Move / wrap / first move image / Rectangle 18097 / Rectangle 18097,de7f1a1a42473923a51a28933842a1ab6931d325
pearl,03_section-02-first-move__screenshot-2026-08-04-at-01-23-43-1.png,2260x1398,887x530,content / Section 02 — First Move / wrap / first move image / Screenshot 2026-08-04 at 01.23.43 1 / Screenshot 2026-08-04 at 01.23.43 1,8fdb401751630c353dbe4a398ff607fada39a2fb
pearl,04_section-02-first-move__sky.png,902x1200,911x645,content / Section 02 — First Move / wrap / first move image / sky / sky,fef2080d3b00caf4a52fdc78177f5513a15f9a1f
pearl,05_section-03-architecture-call__rectangle-18099.png,686x1200,972x607,content / Section 03 — Architecture Call / wrap / img-slot-light / Rectangle 18099 / Rectangle 18099,6b1a5edb78407fdebc948b704202576dd581fb30
pearl,06_section-03-architecture-call__rectangle-18098.png,1200x670,745x714,content / Section 03 — Architecture Call / wrap / img-slot-light / artwork / Mask group / Rectangle 18098 / Rectangle 18098,4919cd242625879df29587fb5054671f4c6e4688
pearl,07_section-07-handoff__image-35.png,3840x2160,438x247,content / Section 07 — Handoff / wrap / carousel / img-slot-light / image 35 / image 35,1852f1422c7986fd658ff3f3e46f6dd4f37d13c6
pearl,08_section-07-handoff__image-36.png,3840x2160,438x247,content / Section 07 — Handoff / wrap / carousel / img-slot-light / image 36 / image 36,b09b2c8d781ef8b27552d57fca0fbb9c4da13eab
pearl,09_section-07-handoff__image-34.png,1956x1230,429x270,content / Section 07 — Handoff / wrap / carousel / img-slot-light / image 34 / image 34,6a0330f362ab1be6588436ad21d9dc83ce146dc9
pearl,10_section-07-handoff__image-37.png,1956x1298,418x270,content / Section 07 — Handoff / wrap / carousel / img-slot-light / image 37 / image 37,fde2b39e7b05c34ee0b1fefe9aa946755bdac763
pearl,11_section-07-handoff__image-38.png,1956x2290,495x579,content / Section 07 — Handoff / wrap / carousel / img-slot-light / image 38 / image 38,c2f9d5be6ff3331eb3f627f36d1a83e3a194da64
pearl,12_section-07-handoff__image-30.png,4096x2477,850x514,content / Section 07 — Handoff / wrap / carousel / img-slot-light / image 30 / image 30,f8d6ff626c93ffbf2c7eb6fa6b19cc4f4678fa65
pearl,13_section-07-handoff__image-31.png,2374x2902,299x366,content / Section 07 — Handoff / wrap / carousel / img-slot-light / image 31 / image 31,0976e330a804079b3876d0e4070d4110faabd8ed
pearl,14_section-07-handoff__image-32.png,2642x2506,585x555,content / Section 07 — Handoff / wrap / carousel / img-slot-light / image 32 / image 32,5b15771e2c0b373fadccaaa8b5ba0463794d3546
pearl,01_hero__frame-1853320970.png,992x1200,975x608,content / Section 07 — Handoff / wrap / Frame 1853320404 / Rectangle 18097 / Rectangle 18097,072bf05aa4cad2f278c9882292f8dcc0c4bfd74b
pearl,15_section-07-handoff__image-139.png,906x740,550x450,content / Section 07 — Handoff / wrap / Frame 1853320404 / image 139 / image 139,777f7ee640a0d2f36330602bbde314280428113f
pearl,16_section-07-handoff__image-154.png,1624x920,896x508,content / Section 07 — Handoff / wrap / Frame 1853320404 / image 154 / image 154,e9c1620688fde5c25960010aad231ac3ac9ac31f
home,work-sampath.png,1152x1074,576x537,work / sampath card / sampath template (composite cropped from design-reference/PortfolioHome.png),
home,work-batelco.png,1152x1074,576x537,work / batelco card / batelco template (composite cropped from design-reference/PortfolioHome.png),
home,work-megt.png,2400x1118,1200x559,work / megt card / megt template (composite cropped from design-reference/PortfolioHome.png),
sampath,00_hero__hero-meta-overlay.png,1024x70,1920x130,Hero / hero-meta (fill image; translucent grey overlay under a 40px backdrop blur),7904a23af5bc5bc8f16d025746a5ffe9062ffad4
